Gold Standard ID,Language,X,text,user_name,user_id,label,English translations
gs1,Kiswahili,55,#KenyaKwanza,Job Too Cheluget 4 Governor Uasin Gishu,296113290,hateful,#KenyaFirst
gs2,Kiswahili,8752,@HassanAliJoho WAtoto Mombasa wamekushinda eastern ndio hutaweza.buree kabisağŸš®ğŸš®ğŸš®,Sammy,1321324268425302016,hateful,@HassanAliJoho The Mombasa children have conquered the east so you will not be able to. completely free ğŸš®ğŸš®ğŸš®
gs3,Kiswahili,2512,Rudi nyumbani dada mwajuma ğŸ¤£ğŸ¤£ğŸ¤£ğŸ¤£ @HonKangata,Hon.Tandasa MCA,777919170440724480,hateful,Back home sister week ğŸ¤£ğŸ¤£ğŸ¤£ğŸ¤£ @HonKangata
gs4,Kiswahili,9684,Wanalipa watu kumobilize zii Kakamega ni Azimio ama mnataka protest yaTrans nzoia,George Wawire,818541313528250368,hateful,They are paying people to work hard. Kakamega is a Resolution or you want the Trans nzoia protest
gs5,Kiswahili,222,"@MoiGideon Yaani Mheshimiwa wewe imeonekana u side na mwarabu, rudi Senegal bana",Ken J,886141692528783360,hateful,"@MoiGideon Namely Sir you proved u side with an Arab, go back to Senegal bana"
gs6,Kiswahili,119,#KenyaKwanza hadi Mwisho.,HON ROY STEPHEN.,1252200992319381504,hateful,#KenyaFirst to End.
gs7,Kiswahili,1135,@susankihika Pambana na hali yako wewe mwanamke,Njoki Ngugi,849638352072658945,hateful,@susankihika Fight your situation you woman
gs8,Kiswahili,2666,@UDAKenya Rudisheni mulizo iba kwanza tafadhali,thekoinkolekta,1379360848653774849,hateful,@UDAKenya Return your first request please
gs9,Kiswahili,4671,@ledamalekina Wee maasai uza dawa ya kienyeji,CPA Rono,869940612,hateful,@ledamalekina Wee maasai sell traditional medicine
gs10,Kiswahili,1902,@MikeSonko Naskia hii ingekua Bamburi ungeua kenge.,Zoh Zoh,804172255,hateful,@MikeSonko This Naskia would grow Bamburi would kill a swindler.
gs11,Kiswahili,3814,@MikeSonko Kwani huko mua ulikosa mahali pa kujenga ukambani? Bure kabisa,Anwar Ali,1435436692257873926,hateful,
gs12,Kiswahili,3744,@ledamalekina Russia is not Kenya wewe Maasai,Kimathi Mwirichia,475890264,hateful,
gs13,Kiswahili,4762,@MillicentOmanga Kwani ni wangapi na tazama kabila zao? UDA iko na wenyewe. Wewe zungusha tuu kiuno utashangaa.,Jones Agandi,1405232995536150528,hateful,
gs14,Kiswahili,3750,@ledamalekina Uhuru aingie ground Mt Kenya alete hii ujinga alafu Wananchi waamue!,JÅ“ğŸ‡°ğŸ‡ª,138843430,hateful,
gs15,Kiswahili,6103,"@NahashonKimemia We kama unataka sabina DM her wacha umama, you're behaving like a gay idiot.",Kisia ğŸ‡°ğŸ‡ª,833268486432497665,hateful,
gs16,Kiswahili,3575,"@mamangilu @RailaOdinga @makaumutua Wewe Sasa unasema nini kweli? Jenga madaraja uokoe watu wako Kwanza.
ğŸ¤§ğŸ¤§ğŸ¤§",Ali Ibrahim,2427487090,hateful,
gs17,Kiswahili,436,@Cleophasmalala @RailaOdinga Wewe Malala ni njaa tu inakusumbua...nyamanza na ukule pole pole..,Eng.James Mutuku,582812797,hateful,
gs18,Kiswahili,4285,@ledamalekina Kwani wewe hujachoka? Basi tutawachilia uendelee kuskuma Mzee wa vitendawili pekee yako,Laban Kitele Jr,1309380208567476229,hateful,
gs19,Kiswahili,6814,@ledamalekina Masai ni Masai Tu this is Kenya not communist Russia,Ken Mwangii,1437140084000796672,hateful,
gs20,Kiswahili,298,@Cleophasmalala Kakamega tuko azimio wewe omondi rudi uko alego,Voke vin,1488960033320845312,hateful,
gs21,Kiswahili,1869,"@WanjiruWahome10 @KoechNelsonK Unakaa tu io shimo kubwa kwa mapaja yako, kazi na campaigns ni tofauti , wewe umetokâ€¦ https://t.co/zJOzbalorp",kamagut 2022 express,1256607665406595072,hateful,
gs22,Kiswahili,9125,@ledamalekina @husternated @RailaOdinga Azimio moles with a taxpayers ya wakenya alf mnajifanya ety nyinyi ni weupe bure thiefs of kemsa...,Dismas,1487519805531955200,hateful,
gs23,Kiswahili,1951,@orengo_james UDA wataangushwa vile Egypt waliangushwa na kiburi yao.,Alvin,1199027099752968192,hateful,
gs24,Kiswahili,1206,"#Tumechoka nao... wakuje kwa debe, Kenyans are tayad",Jennie M.âšœï¸,1218810146463387648,hateful,
gs25,Kiswahili,7109,RT @winjila: @HassanAliJoho is in Trans Nzoia fighting #KenyaKwanza yet sewage zinajaa kwa bahari na ku threaten lives zetu hapa Old Town Mâ€¦,MKENYA,1069328073957523458,hateful,
gs26,Kiswahili,5400,@MillicentOmanga jaluos wanaongea mbayaaa hahaaha wacha mtombwe 2022,Inspector noriega,903318282,hateful,
gs27,Kiswahili,9729,@NahashonKimemia Are you a woman za wanawake wachia wanawake.,Mynah Senior Citizen,789219058289876994,hateful,
gs28,Kiswahili,486,"@Cleophasmalala @RailaOdinga Ruto Tawe! 
Itabidi tumeshare kiburi na wajaluo this time",Aaron Musira,1132605776063881216,hateful,
gs29,Kiswahili,1516,@AnneWaiguru Kazi ni Kizi,Steve Gichure,1083096201967423491,hateful,
gs30,Kiswahili,3828,"@mudfishKenya @ledamalekina Maybe wewe uwe mjinga uharibu nchi yako.
WE CHOOSE NO VIOLENCEğŸ’ª",âš â„¢ğŸ††ğŸ…´ğŸ…±ğŸ†‚â„¢âš ,772440006333984768,hateful,
gs31,Kiswahili,4957,@AfricanahQueen1 @OleItumbi @HusseinMohamedg @UDAKenya @WilliamsRuto Ati tuwaondoe kwa fulizağŸ¤£ğŸ¤£ğŸ¤£ğŸ¤£ aki politicians,Odih Odinare,837149017188466689,hateful,
gs32,Kiswahili,3740,"@ledamalekina Wee ni maasai kweli, mwili kubwa akili kidogo",Barmalel,1487363264694657024,hateful,
gs33,Kiswahili,10570,@UDAKenya anacopy joho jana ğŸ¤£ğŸ¤£ğŸ¤£ğŸ¤£ğŸ¤£ğŸ¤£ğŸ¤£ğŸ¤£ğŸ¤£ğŸ¤£ğŸ¤£ğŸ¤£ğŸ¤£ğŸ¤£ğŸ¤£,changz,1127783210,hateful,
gs34,Kiswahili,8466,@ledamalekina @RailaOdinga Na akishidwo na Wanjigi nominations,Ray Branson,517809888,hateful,
gs35,Kiswahili,4445,@ledamalekina Yes! With shenzishanigans! ğŸ¤£ğŸ˜² #KenyaKwanza #Kenya,DBN 2022 CountDown!ğŸ‡°ğŸ‡ª,71543127,hateful,
gs36,Kiswahili,5020,@ledamalekina Shida ya Masai kama huyu even akiwa tao bado anatembea na kisu as if kuna lions karibu,DNB DENO,441742020,hateful,
gs37,Kiswahili,5640,"@Joe_munene1 @KBonimtetezi Mule Nation rebellion Loading....""Usituaibishe... Wacha wageni waende... nitawaona baadaâ€¦ https://t.co/V6jtBoAaYv",Joe Arumba,1009526028828540928,hateful,
gs38,Kiswahili,7815,Hio nywele ya masai haiwezi kosa living animals,DJ Rock â„¢,770212381817536512,hateful,
gs39,Kiswahili,5695,"@myloxylotianess @kipmurkomen Kwani Kuna shida??
Jaluo jeuri (j.j)",Politics,1483229079025467399,hateful,
gs40,Kiswahili,1485,@LonguraA @susankihika Mganga yeye ndo alikuganga huwezi oa unawacha kila mara umeoa Wanamaker wanakutotoka?,Wycliffe Adero,2173129024,hateful,
gs41,Kiswahili,5938,@kipmurkomen Wakenya apana wajinga,MbÃ»rÃ»ğŸ‡°ğŸ‡ª,759452460515811328,hateful,
gs42,Kiswahili,7322,@nickfanaka @MumbiMbui @MillicentOmanga Misusing non-Kalenjin women...,Dawood Idenya,431675871,hateful,
gs43,Kiswahili,4912,@MillicentOmanga Kabisa #KenyaKwanza,Jacob Mulati,1490613165989707776,hateful,
gs44,Kiswahili,2630,"@NahashonKimemia Kusema aneza mzaa ni ukweli, hata wewe anaeza kuzaha, na unajua anapenda wanawake.",ProffğŸ‡°ğŸ‡ª,916855903,hateful,
gs45,Kiswahili,5276,"@MillicentOmanga It's only kina kips,,,wale watu hawawezi funga mdomoğŸ˜œ",Kevo Baithili,1463903425087905801,hateful,
gs46,Kiswahili,7683,Inawezekana ğŸ””ğŸ””ğŸ””ğŸ””,Xavier Tunduli,439924366,hateful,
gs47,Kiswahili,6254,ğŸ§ğŸ™„ğŸ¤” Mombasa ni chafu mbaya mbaya manze,Prof. Odero,807820733728624640,hateful,
gs48,Kiswahili,3726,@ledamalekina Naona sasa huyu ameanza kufikiria na assğŸ¤¦,Eric,3154998775,hateful,
gs49,Kiswahili,4883,"@limousine09 @MumbiMbui @KBonimtetezi @Cleophasmalala You know Kenyans, tuna penda wale wabaya. That's why people wâ€¦ https://t.co/PCFxoWOEUD",Alex,34875083,hateful,
gs50,Kiswahili,10625,@MikeSonko Wewe ni nyani when it comes to Asian land grabbing.. Lakini tuliachia Mungu...,Man njenga,2413099043,hateful,
gs51,Kiswahili,5122,@Wetangulam @MaithaKarisa Pole sana fam. KenyaKwanza!,Mau_Mau_Historian,1423931737374068740,hateful,
gs52,Kiswahili,7853,"@MillicentOmanga Surely kisii na western ndo mahali uwa mnaenda hamchoki,ata mnaboo no ideas",Tonya,1295665703299756032,hateful,
gs53,Kiswahili,3565,@Sam81794997 @kevinkimanthi @737ng2 @MikeSonko iba pia wewe ujenge ndio uache makasiriko,morris muinde ğŸ‡°ğŸ‡ªğŸ‡¬ğŸ‡§âœ³ï¸,3334203688,hateful,
gs54,Kiswahili,9845,@KBonimtetezi @UDAKenya You and women!...acha tu!ğŸ¤£,parassis otieno,1233484609,hateful,
gs55,Kiswahili,9094,@KBonimtetezi @UDAKenya Wewe ni kupewa pewa tu!! Mbekhu mbekhu type!,Ifedha Aggrey,1415533245324746759,hateful,
gs56,Kiswahili,593,@erotica254 @MoiGideon @skmusyoka huyu ni traitor anawork na wazungu kama Babake,Odhiambo Johnke,1452006842159218689,hateful,
gs57,Kiswahili,4697,@MillicentOmanga Sasa wewe uko sure utapata women rep hapa Nairobi.. Hahaaa tunakungoja sana kiongozi..,Oudia Bernard,1470264918209347588,hateful,
gs58,Kiswahili,4911,@mamangilu @RailaOdinga @makaumutua Jenga bridge uache kuzurura na wanaume,bernard,276987560,hateful,
gs59,Kiswahili,7621,@matesobilachuki @Gmanoti @Prekyjay11 @OleItumbi @UDAKenya @susankihika Sasa wewe are not even a voter there.....enyewe jaluo ni jaluo ğŸ¤£ğŸ¤£ğŸ¤£,kevin.,1415206155874357250,hateful,
gs60,Kiswahili,7765,@ledamalekina @RailaOdinga #KenyaKwanza,Felly_slimdddy,3671331135,hateful,
gs61,Kiswahili,1728,"@MikeSonko Tumezoea Bamburi sijui kama uko pesa yetu tutashiba,",ğŸ…±ï¸IN â“‚ï¸ğŸ…¾ï¸SES,1341293095137255430,hateful,
gs62,Kiswahili,4385,@MillicentOmanga What language does most of those who have resigned speak ukabila ita waua nyinyi watu wa Kenya kwisha,Andere David,1442741214550413318,hateful,
gs63,Kiswahili,6106,@Cleophasmalala @RailaOdinga mjaluo mjinga...umesaliti wajaluo wewe ata si mluyha...fala hii,Glenn Damian,1441427313397157896,hateful,
gs64,Kiswahili,9866,"@MigunaMiguna @HassanAliJoho @WilliamsRuto Wewe unabweka nje ya country,rudi Kenya tukujue bac n huyo Ruto wako",Michael Otieno,1486970580159062016,hateful,
gs65,Kiswahili,3613,"@mamangilu @RailaOdinga @makaumutua Hata msipopiga kura, ukambani haina impact yoyote Kenya 2m votes na mko na kelele as if mko 10mğŸ¤£ğŸ¤£ğŸ¤£ğŸ¤£",Kim kimutai,1392777353017937922,hateful,
gs66,Kiswahili,4688,"Kwa ground vitu ni noma .....malala anabembeleza watu wasimuaibishe...hehehehehe
@KBonimtetezi @EtalePhilipâ€¦ https://t.co/lteFT8Xdl1",thekoinkolekta,1379360848653774849,hateful,
gs67,Kiswahili,3649,"@anc_party Mtaisha mrukeruke tu hapa na pale kazi yenu ni kuchezea wakenya,lakini kelele za chura haiwezi zuia ngomâ€¦ https://t.co/JPYsG5weiP",egialan robert,1463269247774248965,hateful,
gs68,Kiswahili,683,@MoiGideon Wewe ndio ulifanya Egypt ishindwe. Ni heri hata ungenyamaza.,PATRICK,985019000,hateful,
gs69,Kiswahili,2842,@mithika_Linturi @DagaDosal kenyakwanza,ğğ‘³ğ‘¬ğ‘¿ ğµğµğ‘ŠÊ°áµ˜â¿áµ—áµ‰Ê³ğŸ‡°ğŸ‡ªğŸ”,1403775813900701697,hateful,
gs70,Kiswahili,8667,@WilliamsRuto @MillicentOmanga @KIMANIICHUNGWAH UDA ni chama kubwa ya wakenya wote,TR Pchiroi Joseph,1229039235153432576,hateful,
gs71,Kiswahili,454,@Cleophasmalala @RailaOdinga Ati MUST....wewe ni kaa Ruto alikukalia Uji moto baada ya kukujengea Nyumba .Shenzi sana,Philip Wameyo,1414675156677574667,hateful,
gs72,Kiswahili,5919,#KenyaKwanza #MzeeWanyororo,simonkioko,1489603440799989760,hateful,
gs73,Kiswahili,284,@GunnerAfrican @MoiGideon Uko na ujinga!!!Watu wako Egypt na wewe ni kiherehere ya siasa hapa?,Paul Kimotho,1158363697380810754,hateful,
gs74,Kiswahili,940,@NahashonKimemia ğŸ¤£ğŸ¤£ğŸ¤£ğŸ¤£ğŸ¤£ğŸ¤£ğŸ¤£,EL PatrÃ³n,1303379743,hateful,
gs75,Kiswahili,418,"@MoiGideon @skmusyoka Mheshimiwa, waarabu watushindi bwana.",Ibrahim Mahmoud,237696602,hateful,
gs76,Kiswahili,5543,@EnockTom @kiplangatLedama @MillicentOmanga Enda ujifunze kutype kwanza ndio urudi ujibizane na wasomi social media. Puga,Hon Gordon Naya,1856291096,hateful,
gs77,Kiswahili,6114,Sultan..to Ruto..kama ni noma wacha iwe noma kama mbaya mbaya..kwani iko nini?,Jack Sayiore,1155436083875913728,hateful,
gs78,Kiswahili,9647,@jokaokona @TheStarKenya @Wetangulam Lol siasa ya wabukusu na watachonyi  unaijua kweli ? Weta wins this one with aâ€¦ https://t.co/TiCXUgSdZz,Chase.Chase,1735293638,hateful,
gs79,Kiswahili,1587,@lofula2 @AnneWaiguru Ushenzi! Visi kirinyaga see what she has done... Ujinga ya kuwa mjaluo you only gives good coâ€¦ https://t.co/KiNaqNrtpO,Gevo Accord,908248721917431814,hateful,
gs80,Kiswahili,3142,@NahashonKimemia ğŸ¤£ğŸ¤£sasa editors wakitoa insults ni corruption ğŸ™†ğŸ™† mko na ujinga..,Mnyika Petro,2663247806,hateful,
gs81,Kiswahili,1512,@MoiGideon Na ni kama bet zako zinaungua...ğŸ˜‚ğŸ˜‚sasa umefanya watu washuku azimio,Newty,1381298579512422414,hateful,
gs82,Kiswahili,3993,Achana na huyu mzee wamanywele...Akili ilienda kwao..,silas karal,3709490895,hateful,
gs83,Kiswahili,5001,@Cleophasmalala HawajakuaibishağŸ˜†ğŸ˜†ğŸ˜†ğŸ˜†,Leboy ğŸ‡°ğŸ‡ª,846351683206762497,hateful,
gs84,Kiswahili,2540,@MoiGideon Wekea tu kichwa yako pekee after all ni Yako,AMOS RONO,2344829435,hateful,
gs85,Kiswahili,3784,@ledamalekina Kutoka uweke rasta kichwa yako ilikosa tu kazi hivo.,Nissan Takumi,401285636,hateful,
gs86,Kiswahili,489,"@MoiGideon We mefi, una support Muarabu badala ya mwafrika mwenzako",Christopher Muriuki,1438737883238653953,hateful,
gs87,Kiswahili,10565,@papawilis @UDAKenya ğŸ¤£ğŸ¤£ğŸ¤£ğŸ¤£ğŸ¤£ğŸ¤£ğŸ¤£ğŸ¤£ğŸ¤£ğŸ¤£,My Name Is,615007166,hateful,
gs88,Kiswahili,6113,"@EngnrDan @HassanAliJoho Mbaya na nani sasa na watu wa Mombasa hawana maji ya mfereji,taka zimejaa kila mahali,watuâ€¦ https://t.co/8ZVtFgZSnl",Elvis Nyambu,4735328493,hateful,
gs89,Kiswahili,1260,@MoiGideon Wale waliweka Egypt kichwağŸ¤£ endeni mkunywe supuuğŸ¤£kichwa imeivaağŸ¤£,Calvin Edwin,1229342719815946240,hateful,
gs90,Kiswahili,242,@MoiGideon Kiongozi punch nirisk na Egypt ğŸ˜…,Ruto Kityo,1297544551192821763,hateful,
gs91,Kiswahili,773,@HassanAliJoho mbona mwatesa wakaaji wa Mombasa na hii traffic rule!? Wamekosea wapi!!!,Uchiha Wabi Sabi,81396873,hateful,
gs92,Kiswahili,4025,"@ledamalekina Muelewe tuu, masai huwanga na weakness",james achoka,1338032340086435841,hateful,
gs93,Kiswahili,8275,@SABINACHEGE @RailaOdinga @RailaTosha2022 @ledamalekina nyani ni wale wale @TheODMparty has metamorphosis toâ€¦ https://t.co/h9OLnewxxP,#PowerOfHandshake/ImpunityMustEnd,921081045956616193,hateful,
gs94,Kiswahili,4609,@juliusmuchokinj @ledamalekina Wewe rudi tu shimo umetoka pole pole hutapata hiyo attention hapa.,Kip,1145995801052811264,hateful,
gs95,Kiswahili,9182,@ledamalekina @RailaOdinga Thank you @MusaliaMudavadi kiburi ya hawa watu wa Tinga itaisha. You locked western. https://t.co/Ck6iblxlRH,Senior Mwana O Karuti,889126472,hateful,
gs96,Kiswahili,1590,@joel_oyieko @MikeSonko We unamiss aje mwanamme?,Shikoshe,4857929217,hateful,
gs97,Kiswahili,2031,"@NahashonKimemia Wameshidwa kuomba wakenya kura sasa wanataka tushindane matusi, but UDA tutawatumia Duale, Sudi na Rigathi watajua hawajui",Dennis Gikunda,1313757749617061893,hateful,
gs98,Kiswahili,409,@susankihika Ukimwona mwengine akiita mwezake mganga jua yeye ndio mganga,Victor Otieno,1178038561226002435,hateful,
gs99,Kiswahili,5610,"@mamangilu @RailaOdinga @makaumutua For you to avoid EACC you must shout Ruto ni mwizi, anyway jibambe",David Nderitu,1440280691409780736,hateful,
gs100,Kiswahili,5100,@mamangilu @RailaOdinga @makaumutua Mama inuka ukathumue we na uachane na Ruto kabisa.,Rose Muema,1476062078238666756,hateful,
gs101,Kiswahili,5823,"RT @PierreTole: Nairobi ni @HonTimWanyonyi na Westlands ni @CeciliaMbati 

#NairobiImeamua https://t.co/HWGxk1WL03",maghenyi,1482680409855258632,non-hateful,
gs102,Kiswahili,7940,"RT @LenonRotich: This race gonna be like Marathon
#Kivumbi2022 kati ya @Johnlonyangapuo (Azimio) &amp; former Govenor Simon Kachapin (Kenya Kwaâ€¦",Cornelius okwara,1464177596594368512,non-hateful,
gs103,Kiswahili,3984,RT @Daisykenyan: @anc_party Kenya kwanza is unstoppable #EarthquakeInKakamega https://t.co/fAdmZe1noe,Uchumi Kwanza,1397415311964622849,non-hateful,
gs104,Kiswahili,10275,"RT @AzimioTv: Ugunja, #AzimioMtaaniSiaya https://t.co/Ed4IpN95BB",Team Opiyo Wandayi,1052137535915343872,non-hateful,
gs105,Kiswahili,151,"RT @Hon_Kagesi: Asante sana Vihiga 

Kenya Kwanza 
#EarthquakeInVihiga https://t.co/kWC9rKnsH8",Kevin Kahi,1043353573118095360,non-hateful,
gs106,Kiswahili,5655,RT @RasangaGov: #Inawezekana #AzimioLaUmoja #AzimioLaSiaya @TheODMparty @RailaOdinga @GovWOparanya @NdirituMuriithi @HassanAliJoho https://â€¦,dancan mumbo,2525040894,non-hateful,
gs107,Kiswahili,3977,@anc_party Kenya kwanza is unstoppable #EarthquakeInKakamega https://t.co/fAdmZe1noe,Daisy_kâš¡ï¸â„¢ï¸ğŸ‡°ğŸ‡ª,1140844006697512960,non-hateful,
gs108,Kiswahili,888,RT @Daisykenyan: @anc_party Busia for Kenya kwanza #EarthquakeInBusia https://t.co/lhNxKnQnCC,Daisy_kâš¡ï¸â„¢ï¸ğŸ‡°ğŸ‡ª,1140844006697512960,non-hateful,
gs109,Kiswahili,10140,"@KBonimtetezi @UDAKenya Enjoy the video ğŸ˜‹ğŸ˜‹
https://t.co/yoZfJsUA9D",Kiki Preza,756176596411768832,non-hateful,
gs110,Kiswahili,8575,"RT @gladyswanga: Isibuye, Hamisi, Chavakali. Asanteni sana for the love #AzimioLaUmoja #Inawezekana https://t.co/APKoOrJyR4",Lillian London,1230464601629904899,non-hateful,
gs111,Kiswahili,2309,#mamanakazi #bishopwanjiruforgovernor #NairobiImeamua #nairobimpya @citizentvkenya @citizentvkenya @WilliamsRutoâ€¦ https://t.co/aFfXozLaH3,Nickson Kibet,938075633682395138,non-hateful,
gs112,Kiswahili,7572,"RT @HonKathambi: Karibu Njoro @WilliamsRuto @MusaliaMudavadi and @Wetangulam 

#EarthquakeinNakuru https://t.co/AzyjSxLdk0",Dynasty family ğŸšğŸš ğŸ‡°ğŸ‡ª,1431245259493814272,non-hateful,
gs113,Kiswahili,10614,RT @WaremboRao: Tuko ndani na @Hon_FatumaGedi https://t.co/j8oZ9bYBWX,JApolo,2352991452,non-hateful,
gs114,Kiswahili,5651,RT @RasangaGov: #inawezekana #RadaNiRao #AzimioLaSiaya #AzimioLaUmoja @TheODMparty @RailaOdinga @JamesOngwae https://t.co/puizFBHQIh,Fred Oteng'o,240190399,non-hateful,
gs115,Kiswahili,2313,"@BishopWanjiru #formnibtmupnamama
#bishopwanjiru #NairobiImeamua #mamanakazi @citizentvkenya @BishopWanjiruâ€¦ https://t.co/nA5ZsE7JFa",Nickson Kibet,938075633682395138,non-hateful,
gs116,Kiswahili,7268,RT @EKmwanzo: @MillicentOmanga Jeshi kubwa is in Nyamira #EarthquakeInNyamira and Kisii today #EarthquakeInKisii https://t.co/LmiXOFtVs8,Juma meshack,1426680730625749003,non-hateful,
gs117,Kiswahili,6994,RT @johnjira6: @Mpzuleikahassan the incoming Kinango Mp â˜‘ï¸ 09/08/2022ğŸ™ğŸ™ https://t.co/ZC0T6L20kk,Zuleikha Juma Hassan,1488536312,non-hateful,
gs118,Kiswahili,9708,RT @UDAKenya: Kenya Kwanza Nakuru County edition https://t.co/utBVSoC8tZ,Nicholas k Ngetich,1095918686,non-hateful,
gs119,Kiswahili,148,"Asante sana Vihiga 

Kenya Kwanza 
#EarthquakeInVihiga https://t.co/kWC9rKnsH8",Hon. Ernest Kivai Ogesi KAGESI,919083990753169408,non-hateful,
gs120,Kiswahili,8568,"Isibuye, Hamisi, Chavakali. Asanteni sana for the love #AzimioLaUmoja #Inawezekana https://t.co/APKoOrJyR4","Hon Gladys Wanga, CBS",78027558,non-hateful,
gs121,Kiswahili,8907,"#sabina chege
#zouma
@kipmurkomen 
#uhuru
#EarthquakeInKisii https://t.co/eD4mu93YCW",Shaddy,1316041852483665925,non-hateful,
gs122,Kiswahili,9757,@AbabuNamwamba @TheODMparty Sabina chege #EarthquakeInKisii https://t.co/ZNCgZLyGOZ,Njuguna Kamau,1491042925677060099,non-hateful,
gs123,Kiswahili,10880,RT @gladyswanga: Nyote mwakaribishwa #Genowa #GovernorWanga https://t.co/lsJUciRDYd,Lillian London,1230464601629904899,non-hateful,
gs124,Kiswahili,1625,"Azimio la kenya kwanza' ğŸ˜‚ğŸ˜‚ğŸ˜‚ Uyu atapata ticket ya @UDAKenya kweli,
Xiaomi Atomic Habits #EarthquakeInBusia Raila Oâ€¦ https://t.co/rRMbRVFnAr",Abdiaziz Hashim,3424345095,non-hateful,
gs125,Kiswahili,98,@HonKangata @WilliamsRuto angalia mliyemnunua? ğŸ˜‚ğŸ¤£ğŸ¤£ğŸ’™â¤ï¸ğŸ’™â¤ï¸ğŸ’™â¤ï¸ğŸ’™â¤ï¸ğŸ’™â¤ï¸ https://t.co/dSVFI3Nnmz,Independent blogger(Deep state),36939815,non-hateful,
gs126,Kiswahili,3972,"RT @anc_party: Kenya Kwanza, In Shinyalu, Kakamega County

#EarthquakeInKakamega
#KaziniKaziPesaMfukoni

https://t.co/qDjpkIvWsc",Mbera Eugene,1463003633985933316,non-hateful,
gs127,Kiswahili,7040,Kenya #254 #VIBESCENTRAL #Game21 https://t.co/KQlyYuZ4HN,Vibes Central,2524922114,non-hateful,
gs128,Kiswahili,7306,"RT @revolutionery21: @MillicentOmanga Kenya Kwanza, Uchumi Bora Pesa mfukoni,
#EarthquakeInNyamira",Tuma KituğŸ¤‘,1350532414666395649,non-hateful,
gs129,Kiswahili,5649,#inawezekana #RadaNiRao #AzimioLaSiaya #AzimioLaUmoja @TheODMparty @RailaOdinga @JamesOngwae https://t.co/puizFBHQIh,Gov. Rasanga AMOTH,934311524990095360,non-hateful,
gs130,Kiswahili,876,@anc_party Busia for Kenya kwanza #EarthquakeInBusia https://t.co/lhNxKnQnCC,Daisy_kâš¡ï¸â„¢ï¸ğŸ‡°ğŸ‡ª,1140844006697512960,non-hateful,
gs131,Kiswahili,10410,"RT @sharleen_wambui: Governor  @susankihika apewe yake tano fresh.

#KenyaKwanzaInNakuru
#earthquakeinnakuru 
#RutoTrackRecord https://t.coâ€¦",Kipkemoi,520614628,non-hateful,
gs132,Kiswahili,7267,@MillicentOmanga Jeshi kubwa is in Nyamira #EarthquakeInNyamira and Kisii today #EarthquakeInKisii https://t.co/LmiXOFtVs8,Edward  Genesisâ„¢,1535707219,non-hateful,
gs133,Kiswahili,5654,#Inawezekana #AzimioLaUmoja #AzimioLaSiaya @TheODMparty @RailaOdinga @GovWOparanya @NdirituMuriithi @HassanAliJoho https://t.co/y4jJzHa0RN,Gov. Rasanga AMOTH,934311524990095360,non-hateful,
gs134,Kiswahili,5341,@MillicentOmanga Na wale wa kuuza na kuenda kupima shuka weston 350 pia,Baba LaoğŸ¤½,370556271,non-hateful,
gs135,Kiswahili,5552,"RT @JoshuaMisoko: Tukutane kesho at Etago stadium, South Mugirango na HE @jomingo24 Magara, hosting the DP @WilliamsRuto, and Kenya Kwanzaâ€¦",Dynasty family ğŸšğŸš ğŸ‡°ğŸ‡ª,1431245259493814272,non-hateful,
gs136,Kiswahili,1087,"RT @anc_party: Kenya Kwanza, In Nambale, Busia County

#EarthquakeInBusia
#KaziniKaziPesaMfukoni

https://t.co/JK8Z3qfcA7",Kuna Nduru Gizani,1380774767909814272,non-hateful,
gs137,Kiswahili,1044,@SpeakerJBMuturi Ndio mkuu anaamkağŸ™ŒğŸ™ŒğŸ™ŒğŸ˜‚ğŸ˜‚,M. Brands!,1264598255301791750,non-hateful,
gs138,Kiswahili,7943,@SABINACHEGE @JunetMohamed @HassanAliJoho @kaninikega1 @ledamalekina Hii sasa ndio jubilee yenye inaungana na odm iâ€¦ https://t.co/A5LlnSrTff,Dennis Muriuki Mati,1405908436009824257,non-hateful,
gs139,Kiswahili,6446,"RT @NicksonKibet11: @BishopWanjiru #formnibtmupnamama
#bishopwanjiru #NairobiImeamua #mamanakazi @citizentvkenya @BishopWanjiru @paulinenjoâ€¦",Nickson Kibet,938075633682395138,non-hateful,
gs140,Kiswahili,10820,Ahsante sana wakaazi wa Malava ğŸ™kwa kujitokeza kwa wingi na kutukaribisha vyema @NabulindoOscar @wamunyinyiâ€¦ https://t.co/Aby08oXssb,Eugene L. Wamalwa,569014212,non-hateful,
gs141,Kiswahili,8338,"RT @AzimioUmoja: Isibunye-Luanda is lit.

#Inawezekana
#AzimioLaUmoja
#AzimioMovement
#AzimioMtaaniVihiga
@RailaOdinga  @ledamalekina @ httâ€¦",JOSEPH OCHIENG,1011245701077045248,non-hateful,
gs142,Kiswahili,3183,"Good morning kenya ğŸ‡°ğŸ‡ªâ€¦tumeamka na #babathe5th @RailaOdinga #InawezekanaNaBaba #AzimioLaUmoja 
Story ya hustler imeiâ€¦ https://t.co/dJNpK7m3Ei",EngAzakii Ahmed ğŸ‡°ğŸ‡ª,902945389220950017,non-hateful,
gs143,Kiswahili,5753,"RT @anc_party: Kenya Kwanza in Tongaren, Bungoma County 

#EarthquakeInBungoma
#EarthquakeInTransNzoia https://t.co/LEgakPv3TH",Edward  Genesisâ„¢,1535707219,non-hateful,
gs144,Kiswahili,906,"#Earthquake Wanaipata . Tuzidi Kumuomba Mungu.ğŸ™ğŸ™ğŸ™ğŸ™
@WilliamsRuto @MusaliaMudavadi @Wetangulam @UDAKenyaâ€¦ https://t.co/miXHYr3mre",Dynasty family ğŸšğŸš ğŸ‡°ğŸ‡ª,1431245259493814272,non-hateful,
gs145,Kiswahili,3057,"@MikeSonko Baaaaass, that's where you belong mkuu, kazi ya ofisi huwesğŸ˜ŒğŸ˜ŒğŸ˜ŒğŸ˜Œ",ndugire.roberto,985846308631203840,non-hateful,
gs146,Kiswahili,10174,@gladyswanga Azimio la Umoja legacy https://t.co/rKfGF0yrJ3,John Omondi+254,1317109273181229057,non-hateful,
gs147,Kiswahili,8838,Watanzania wenzangu twende na  katiba mpya #KatibaMpya YA #WenyeNchiWananchi #KatibaMpya #WenyeNchiWananchiâ€¦ https://t.co/6U2RxKlMzJ,Abdulkarim  Juma,1095033478566080514,non-hateful,
gs148,Kiswahili,8130,Vihiga fomu ni azimio #Inawezekana #AzimioLaUmoja @JunetMohamed @HassanAliJoho @ledamalekina @SABINACHEGE https://t.co/qcVVdtpk3r,DR.ALFRED.LETEMERE,1910442895,non-hateful,
gs149,Kiswahili,3969,"Kenya Kwanza, In Shinyalu, Kakamega County

#EarthquakeInKakamega
#KaziniKaziPesaMfukoni

https://t.co/qDjpkIvWsc",ANC PARTY,3370540217,non-hateful,
gs150,Kiswahili,4024,"RT @AzakiiAhmed: Good morning kenya ğŸ‡°ğŸ‡ªâ€¦tumeamka na #babathe5th @RailaOdinga #InawezekanaNaBaba #AzimioLaUmoja 
Story ya hustler imeisha, baâ€¦",Vanny,302890665,non-hateful,
gs151,Kiswahili,8331,"Isibunye-Luanda is lit.

#Inawezekana
#AzimioLaUmoja
#AzimioMovement
#AzimioMtaaniVihiga
@RailaOdingaâ€¦ https://t.co/oW0IjmnDZm",Azimio La Umoja Movement,1419949805397229568,non-hateful,
gs152,Kiswahili,3495,"RT @anc_party: Kenya Kwanza, In Likuyani Market, Kakamega County

#EarthquakeInKakamega
#KaziniKaziPesaMfukoni

https://t.co/m48d2mQvmw",Tita Ket,1234381116884340738,non-hateful,
gs153,Kiswahili,2147,The new anthem in Kenya. #EarthquakeInVihiga #EarthquakeInBusia #Uhuru #mwai kibaki #OscarSudi @WilliamsRutoâ€¦ https://t.co/z2pG73mIfR,Ruto 1,1366445546433630213,non-hateful,
gs154,Kiswahili,6395,"RT @HassanAliJoho: Yes BABA. 

#AzimioMtaaniSiaya",kakamega pundit,1475794655203799048,non-hateful,
gs155,Kiswahili,912,"RT @Dynasty045: #Earthquake Wanaipata . Tuzidi Kumuomba Mungu.ğŸ™ğŸ™ğŸ™ğŸ™
@WilliamsRuto @MusaliaMudavadi @Wetangulam @UDAKenya @ColettaAluda1 @essâ€¦",Makokha Kelvin,1190978384,non-hateful,
gs156,Kiswahili,1422,RT @PeterRatemo4: @mithika_Linturi KENYA Kwanza https://t.co/Ulb4kYZCf2,Peter nyakeri,2422391453,non-hateful,
gs157,Kiswahili,4405,"RT @anc_party: Kenya Kwanza Rally at Nabongo Grounds, Matungu, Kakamega County

#EarthquakeInKakamega
#KaziniKaziPesaMfukoni

https://t.co/â€¦",Captain Rono.,3416173552,non-hateful,
gs158,Kiswahili,10650,RT @KANUParty_ke: Boni Khalwale amesema muungano wa One Kenya Alliance iko strong Mkoa wa Magharibi. Kesho tukutane Kakamega. https://t.co/â€¦,DaimaMimiMkenya,1276214165972140033,non-hateful,
gs159,Kiswahili,5079,RT @RailaOdinga: Cheki vile Azimio imebamba. #OneLove #Inawezekana https://t.co/Sj1u8fTdBm,Kenya West,1194186776157577218,non-hateful,
gs160,Kiswahili,4796,@anc_party Kenya kwanza all the way #eathquakeInKakamega https://t.co/ndH6JbYRuu,Uchumi Kwanza,1397415311964622849,non-hateful,
gs161,Kiswahili,8012,"@UDAKenya Na hii hapa sasa,ğŸ˜‚ğŸ˜‚ğŸ˜‚https://t.co/kJA5TpKpDt",Hosea kipchumba,1266081827149811713,non-hateful,
gs162,Kiswahili,3240,RT @UDAKenya: https://t.co/YCyxNDrBsn,Hawa pesa,1210860229358809088,non-hateful,
gs163,Kiswahili,3260,RT @NahashonKimemia: https://t.co/zFqneURckz,Evans Evanson,133669966,non-hateful,
gs164,Kiswahili,494,RT @UDAKenya: https://t.co/ZWVDs5sybp,Sam,2290316231,non-hateful,
gs165,Kiswahili,5409,RT @UDAKenya: https://t.co/hcCtv3ZbEl,Mhe litundunya,1385474893999968259,non-hateful,
gs166,Kiswahili,2611,RT @karibuMathare: @MikeSonko https://t.co/BuJQfP2VVk,Hunk_COğŸ”±ã€½ï¸â™£ï¸,1488420804039692289,non-hateful,
gs167,Kiswahili,1489,RT @Alisimo46534522: @HonTimWanyonyi https://t.co/IGmIxsffTq,Jay-C,1380032532650004482,non-hateful,
gs168,Kiswahili,362,RT @its_wambugu: @susankihika https://t.co/B6ZMfm0n22,Erique Omolo,1215375326710259712,non-hateful,
gs169,Kiswahili,9410,RT @KotoshKemboi: @susankihika https://t.co/9pR2bPEdbw,norm,1322706946902888451,non-hateful,
gs170,Kiswahili,1083,"Kenya Kwanza, In Nambale, Busia County

#EarthquakeInBusia
#KaziniKaziPesaMfukoni

https://t.co/JK8Z3qfcA7",ANC PARTY,3370540217,non-hateful,
gs171,Kiswahili,6186,"Azimio La Umoja Campaigns in Ugunja , Siaya County led by @HassanAliJoho @JunetMohamed
#AzimioMtaaniSiaya https://t.co/fSqxgCzBhj",Charles Mark Dienya,786846492,non-hateful,
gs172,Kiswahili,7423,@OleItumbi @UDAKenya @susankihika Tuko na hesabu ya arama anaenda nyumbani saa mbili rongai tuliamua kitambo hakunaâ€¦ https://t.co/gwvDQOQ6Ft,mr observer,1331627139846770695,non-hateful,
gs173,Kiswahili,10448,"RT @Hon_Kagesi: Well put SG @GikuruSK well presented. 

#KenyaKwanzaInNakuru
@KenyaKwanzaCo https://t.co/vezO1mb1XC",Kenya Kwanza Coalition,750923058,non-hateful,
gs174,Kiswahili,7283,@MillicentOmanga Mama wa kuchapa kazi #EarthquakeInKisii,SOSPETER DAD Ps,2906431647,non-hateful,
gs175,Kiswahili,564,"@MoiGideon @kipro_hon @skmusyoka #OKAVolcano Kujeni #AzimioLaUmoja, ambieni Pharaoh nimeokoka ninaenda kanani,",Â¶Shamakhokho Finest â„¢Â¶,1422230226700996608,non-hateful,
gs176,Kiswahili,9079,"@brianagash @ledamalekina @RailaOdinga Thanks for the handshake,karibu Azimio ğŸ˜‚ğŸ˜‚
#AzimioLaUmoja",Stephen OchiengğŸ‡°ğŸ‡ª,832187196723576832,non-hateful,
gs177,Kiswahili,2592,@MikeSonko Waaah aki pesa wewe ğŸ™ğŸ™ğŸ™ğŸ™ğŸ™ğŸ™,ClÃªÃ´h th LÃ´vÃªchÃ®ld,323231068,non-hateful,
gs178,Kiswahili,8780,@JunetMohamed @HassanAliJoho Azimio la umoja https://t.co/1QcjvrQZzN,John Omondi+254,1317109273181229057,non-hateful,
gs179,Kiswahili,9750,@RailaOdinga @WilliamsRuto @UDAKenya @TheODMparty @MusaliaMudavadi @anc_party #AzimioLaUmoja #Inawezekanaâ€¦ https://t.co/nx5s36bgJ3,john wainaina,466347766,non-hateful,
gs180,Kiswahili,6578,"RT @RailaOdinga: Asanteni kwa kazi safi wanajeshi wangu na pia kwa watu wa Siaya. 

#OneLove #Inawezekana https://t.co/0t9ejR9L2P",Governor Hassan Joho,552869469,non-hateful,
gs181,Kiswahili,4893,"RT @ntvkenya: 'Ukiwa na NHIF utatibiwa bila malipo,' Uhuru asema akifungua kituo cha matibabu ya saratani Mombasa 

https://t.co/j3TssavFM9â€¦",Zuleikha Juma Hassan,1488536312,non-hateful,
gs182,Kiswahili,1529,@MikeSonko Kuna 200bob straight to Ur mpesa inapeanwa Kwa app inaitwa Leja Kwa play store it's around 12mbz then usâ€¦ https://t.co/VFbYwhVV38,Peter Maxharya,421599555,non-hateful,
gs183,Kiswahili,5171,@mamangilu @WilliamsRuto ğŸ˜‚ğŸ˜‚ğŸ˜‚ https://t.co/8GJ48RFFE9,Rotich Kipleting Jeffrey. (BOptom),610919647,non-hateful,
gs184,Kiswahili,10876,Nyote mwakaribishwa #Genowa #GovernorWanga https://t.co/lsJUciRDYd,"Hon Gladys Wanga, CBS",78027558,non-hateful,
gs185,Kiswahili,4191,Kauli ya Atwoli inajiri wiki chache baada ya @MusaliaMudavadi na @Wetangulam kutangaza watafanya kazi na DPâ€¦ https://t.co/6EH2RzgpW7,TUKO.co.ke | The Heartbeat of Kenya,3131354884,non-hateful,
gs186,Kiswahili,3442,"RT @allanchesanng: Kenya kwanza Tuko Imara. Kesho tunawakaribisha Ingo. #EarthQuakeInTransnzoia
@MusaliaMudavadi @WilliamsRuto @Wetangulamâ€¦",HRM Irene,1380950225574060034,non-hateful,
gs187,Kiswahili,5712,"RT @cheruiyotbonif1: Since Governor @AnneWaiguru joined @UDAKenya   , Kazi imefanywa na inaongea .

#WiraWarie |waiguru| https://t.co/jxnwqâ€¦",kamau mutoru,1452501467374493698,non-hateful,
gs188,Kiswahili,9185,RT @AmbatiLucy: @NahashonKimemia @Jnr_gichuru https://t.co/7OD4CsyKv0,Gichuru,1460455648760668163,non-hateful,
gs189,Kiswahili,4348,RT @YuleBaba: @OleItumbi @WilliamsRuto https://t.co/RObX8K4oGK,AmbrozğŸŒğŸ‡°ğŸ‡ª,1405018890221068288,non-hateful,
gs190,Kiswahili,3576,RT @BrianOchako: @NickSalesGuru @WanjikuHSC https://t.co/y33ZLedZmR,Chief of Defense ForcesğŸ¦,1144930964356964352,non-hateful,
gs191,Kiswahili,5049,RT @okinyitj: @CharleenRuto @NahashonKimemia https://t.co/LXr4V7BGDw,MAMA NGANGARI,1338067725302771713,non-hateful,
gs192,Kiswahili,5251,RT @matesobilachuki: @mwithigaP @ledamalekina https://t.co/GIXBBTWIIe,tecwizard,2502624022,non-hateful,
gs193,Kiswahili,5389,RT @matesobilachuki: @CaptainKipkorir @Moha001_Onyango https://t.co/jjB1wtR7Ip,Mangiti Ongechi,431735192,non-hateful,
gs194,Kiswahili,2813,"@ledamalekina Mhesh kuna a pair of shoes ilikua unijenge 2020/2021ğŸ˜‚ğŸ˜‚
Good job lakini ğŸ‡°ğŸ‡ª.Zingine tano zaidi",Saulo Leteipa,894990365761167360,non-hateful,
gs195,Kiswahili,7599,@SABINACHEGE @JunetMohamed @HassanAliJoho @kaninikega1 @ledamalekina Mbele iko sawa under Azimio la umoja leadershiâ€¦ https://t.co/8ZIwzushen,Lonyango,1462145468209799171,non-hateful,
gs196,Kiswahili,7812,"RT @revolutionery21: @anc_party Kenya Kwanza imefika mashinani.
#EarthquakeInNyamira",revolutionery,1478672197241778178,non-hateful,
gs197,Kiswahili,8733,"RT @shimolatewa001: @WilliamsRuto @HonJumwa
@UDAKenya @UDAKenya @UDAKenya @shimolatewa001 

6pc https://t.co/9OlnpHpNtk",Ngaly Sumu Kali,1490980649708269574,non-hateful,
gs198,Kiswahili,1437,"RT @anc_party: Kenya Kwanza, In Butula, Busia County

#EarthquakeInBusia
#KaziniKaziPesaMfukoni

https://t.co/qK2zE7uDl2",Tita Ket,1234381116884340738,non-hateful,
gs199,Kiswahili,1241,"RT @anc_party: Kenya Kwanza, In Butula, Busia County

#EarthquakeInBusia
#KaziniKaziPesaMfukoni

https://t.co/DxuJbWRFRG",MBAI,1380864648258453507,non-hateful,
gs200,Kiswahili,10628,"RT @anc_party: Kenya Kwanza engaging supporters in Kuresoi South, Nakuru County.

#KenyaKwanzaInNakuru https://t.co/TkFBGEF0Nv",Captain Rono.,3416173552,non-hateful,